{
  "globalFilter": "#task",
  "removeGlobalFilter": true,
  "setDoneDate": true,
  "autoSuggestInEditor": true,
  "autoSuggestMinMatch": 0,
  "autoSuggestMaxItems": 6,
  "provideAccessKeys": true,
  "useFilenameAsScheduledDate": true,
  "filenameAsDateFolders": [],
  "statusSettings": {
    "customStatusTypes": [
      {
        "indicator": "P",
        "name": "Pro",
        "nextStatusIndicator": "C",
        "availableAsCommand": false
      },
      {
        "indicator": "C",
        "name": "Con",
        "nextStatusIndicator": "P",
        "availableAsCommand": false
      }
    ]
  },
  "features": {
    "INTERNAL_TESTING_ENABLED_BY_DEFAULT": true
  },
  "generalSettings": {},
  "headingOpened": {
    "Core Status Types": true,
    "Custom Status Types": true
  }
}